"AW","Aw"
"AA","Aa"
"AB","Ab"
"Au","AU"
"BC","B.C.","B.C"
"Ai","A.I.","A. I."
"CE","C.E.","C.E"
"Egolessness","Crowley on egolessness"
"Branch predictor","Branch prediction"
"The Beatles","Beatles"
"Duck family (Disney)","April, May and June Duck","Abner Duck","Della Thelma Duck","Daphne Duck"
"AWK","Awk"
"AAL","Aal"
"BSE","Bse"
"DAO","Dao"
"DES","DES (disambiguation)"
"DNA","Dna"
"DVD","Digital video disc","Digital Versatile Disc"
"DOD","DoD"
"ETA","Basque Fatherland and Liberty"
"Dog","Canis familiaris"
"Pub","British public houses"
"Incubator (culture)","Cell Incubator","Cell incubator"
"MP3","Data compression/MP3"
"Geologic time scale","Eon (geology)"
"Federal Assault Weapons Ban","Ban on assault rifles"
"Etiology","Aetiology"
"Daimler AG","Daimler-Chrysler"
"Claude Monet","Claude Oscar Monet"
"Albert of Hohenzollern","Albert of Brandenburg Prussia"
"Dark matter","Dark matter problem"
"Royal Cambodian Armed Forces","Military of Cambodia"
"Robert Byrd","Byrd, Robert"
"Sexual intercourse","Coitus"
"Digital Millennium Copyright Act","DMCA"
"Continuous function","Continuity property"
"Air force","Air Force"
"Constitution","ConstitutioN"
"Anarchism","Anarchist"
"UseModWiki","Clifford Adams"
"Amhrán na bhFiann","Amhrann na bhFiann"
"De Moivre's formula","DeMoivresFormula"
"The Birth of a Nation","BirthofaNation"
"Cumulative distribution function","CumulativeDistributionFunction"
"Anthroposophy","Anthrosophy"
"Asynchronous Transfer Mode","Asyncronous Transfer Mode"
"Five-spice powder","Chinese five spice"
"Antenna (radio)","Antenna theory"
"Scattered Islands in the Indian Ocean","Geography of Europa Island","Europa Island/People","Government of Europa Island","Transportation on Europa Island","Europa Island/Military","Europa Island/Transnational issues"
"Abgar V","Abgar"
"Agglutination","Agglutinative"
"Data Encryption Standard","DataEncryptionStandard"
"Equinox","Autumn equinox"
"The Book of Counted Sorrows","Book of Counted Sorrows"
"List of cities in Canada","Canada/cities"
"Dehydroepiandrosterone","DHEA"
"Claudio Monteverdi","Claudio Zuan Antonio Monteverdi"
"Zhang Sanfeng","Chang San-feng"
"Pope Alexander VI","Alexander VI"
"Abatement","Abatement of freehold","Abatement in litigation","Abatement of false lights","Abatement in commerce"
"Alexander the Great","AlexanderTheGreat"
"E. B. White","E.B. White"
"Automorphism","AutoMorphism"
"DiGeorge syndrome","Di George's syndrome"
"Cartesian coordinate system","Cartesian coordinates"
"Distillation","Distilling"
"Charlie Chaplin","CharlieChaplin","Charles Chaplin"
"Computer graphics","Computer Painting"
"Beast of Bodmin","Beast of bodmin"
"Coca-Cola","Coca Cola"
"Crimean War","Crimean war"
"Coriander","Cilantro","Coriander (plant)"
"Spectroscopy","Electromagnetic spectroscopy"
"Bundeskanzler","Federal Chancellor"
"Equivalence relation","EquivalenceRelation"
"Constitution of Canada","Canadian Constitution Act","Constitution of Canada/1867 III Executive Power","Constitution of Canada/1867 IV Legislative Power","Constitution of Canada/1867 V Provincial Constitutions","Constitution of Canada/1867 VIII Revenues Debts Assets Taxation","Constitution of Canada/1867 IX Miscellaneous Provisions","Constitution of Canada/1867 X Intercolonial Railway","Constitution of Canada/1867 XI Admission of Other Colonies"
"Chlorine","Cl"
"Batch processing","Batch job"
"Central nervous system","CNS"
"Widewuto","Cimbri/Waid"
"Cascade Range","Cascade Mountain Range"
"HMS Ark Royal","Ark Royal"
"Relative atomic mass","Atomic weight"
"Adémar de Chabannes","Adhemar de Chabannes"
"Calendar-based contraceptive methods","Calendar method"
"Anti-globalization movement","Anti-Globalization Movement","Anti-globalisation movement"
"PC game","Computer games"
"Complex number","Complex numbers"
"Easter","Easter Sunday"
"Executable and Linkable Format","ELF file format"
"The Consolation of Philosophy","ConsolationOfPhilosophy"
"Abdul Rashid Dostum","Abdul Rashid Dostam"
"Apollo program","Apollo Program"
"North American B-25 Mitchell","B-25"
"Canadian federalism","Constitution of Canada/1867 VI Distribution of Legislative Powers"
"Cusco (disambiguation)","Cuzco (disambiguation)"
"Outline of biochemistry","Wikipedia:Biochemistry basic topics"
"Bohemia","Boehmen"
"Graphics tablet","Digitizing tablet"
"Bicameralism (psychology)","Bicameral mind"
"Birth control","Contraception","Contraceptive"
"Bavarians","Bavarii"
"Anarchy","AnarchY"
"American football","AmericanFootball"
"Drama film","DramaFilm"
"Batting average","Baseball statistics/BA"
"History of astronomy","Astronomy/History","Astronomy and Astrophysics/History"
"Buckminster Fuller","Buckminister Fuller"
"Cult film","CultFilm","Cult Film"
"Estimation theory","Estimating parameters"
"Pierre Beaumarchais","Beaumarchais"
"Dziga Vertov","Denis Arkadievich Kaufman","Denis Abramovich Kaufman"
"Bhutan","Bhutan/Transnational issues"
"Clean Air Act (United States)","Clean Air Act (1970)"
"Nicolaus Copernicus","Copernicus"
"Biblical canon","DefinitionofBibleTerms"
"C*-algebra","B*-algebra","C-star algebra"
"Eliezer Yudkowsky","Eliezer S. Yudkowsky"
"Nuclear weapon","Atomic bomb","Atom Bomb"
"Ascending chain condition","Ascending Chain Condition","Descending chain condition","Descending Chain Condition"
"List of business schools in Asia","BusinessSchools/Asia"
"Argumentum ad populum","Argument from common consent"
"Ballroom dance","BallroomDance","Ballroom dancing"
"Accounting","Accountancy","Accounting and Bookkeeping"
"Dynamical systems theory","Dynamical systems and chaos theory"
"Inflation","Economy/Inflation"
"Elliptic curve cryptography","Elliptical Curve Cryptography"
"Coming out","Coming out of the closet"
"Africa","AfricA"
"Ciprofloxacin","Cipro"
"Fenrir","Dromi"
"Auto racing","AutoRacing","Automobile racing"
"Plasmid","Episome"
"Comment (computer programming)","Comment (computing)"
"History of Afghanistan","AfghanistanHistory","Afghanistan/History"
"African American","AfricanAmericanPeople"
"Antoine Lavoisier","Antoine Laurent Lavoisier"
"Daisy Duck","Donna Duck"
"Foreign relations of Argentina","Argentina/Transnational issues","Argentina/Foreign relations"
"Amputation","Amputees"
"Aesthetics","Aesthetic"
"Great Britain and Ireland","Britain and Ireland"
"A.C. Milan","AC Milan"
"Basil of Caesarea","Basil the Great"
"Amalthea (mythology)","Amaltheia"
"Telecommunications in Albania","AlbaniaCommunications"
"Parapsychology","Anomalous operation"
"Drum and bass","Electronic Music/Jungle","Electronic Music/Drum and Bass"
"Greek fire","Byzantine fire"
"Dave Grohl","DaveGrohl"
"Christianity and antisemitism","Christian anti-semitism","Christian antisemitism"
"Anomaly","Anomalous phenomenon"
"Kyoto Protocol","Climate Change-Kyoto Protocol"
"Glossary of climbing terms","On-sight climbing"
"Gautama Buddha","BuddHa"
"Engines of Creation","Engines of creation"
"Bird","Birds"
"Brainfuck","Brainfuck programming language/Examples"
"Dan Quayle","Danforth Quayle","James Danforth Quayle"
"Tachycardia","Cardiac arrhythmia/tachycardia"
"Mood disorder","Depression and Mood Disorders"
"BITS","Bits"
"Foreign relations of Afghanistan","AfghanistanTransnationalIssues","Afghanistan/Transnational Issues"
"AT&T","AT and T"
"Ad hominem","Argumentum ad hominum"
"Dolphin","Dolphins"
"Call of Cthulhu (role-playing game)","CallOfCthulhuGame"
"List of irregular English adjectives","Non-standard adjectives in the English language"
"ACID","ACID properties"
"Dance music","Dancing music"
"Economy of Afghanistan","Afghanistan/Economy"
"Abensberg","AbensbergGermany"
"Catherine of Aragon","Catharine of Aragon"
"The Angry Brigade","Angry Brigade"
"Coral Sea Islands","Coral Sea Islands/History","Coral Sea Islands/Geography","Coral Sea Islands/People","Coral Sea Islands/Government","Coral Sea Islands/Economy","Coral Sea Islands/Communications","Coral Sea Islands/Transportation","Coral Sea Islands/Military"
"Common Lisp","Common lisp"
"Electro (music)","Electro funk"
"Bryce Canyon National Park","Bryce Canyon"
"Doctor Doom","Dr. Doom"
"BBC Radio 1","BBC/Radio 1"
"Eric Hoffer","EricHoffer"
"Donald Knuth","Donald E Knuth","Donald E. Knuth"
"Jinn","Djinn"
"Book of Zechariah","Book of Zecharaiah"
"Word processor","Document Editor"
"Anglican Communion","Anglican Church"
"Naïve realism","DirectRealism","Direct realism"
"Cyan","Color/cyan"
"Lists of actors","ActresseS","ActressesS"
"Distributed computing","Distributed programming"
"Code","CodE"
"Cray","Cray Research"
"Red wolf","Canis rufus"
"Eisa","EISA"
"Helladic period","Early Helladic"
"Daniel Dennett","Daniel C. Dennett"
"Aurora","Aurora borealis","Aurora australis"
"Austroasiatic languages","AustroAsiaticLanguages"
"Belgium","Belgium/Belgie","Belgium/facts"
"Åland Islands","Aland"
"Blue crane","Anthropoides paradisia"
"Application firewall","Application layer firewalls"
"Aurochs","Auroch"
"Bosnia and Herzegovina","Bosnia Herzegovina"
"Outline of earth science","Earth Sciences basic topics"
"Garbage picking","Dumpster-diving"
"As We May Think","AsWeMayThink"
"City status in the United Kingdom","England/City"
"Existence","ExistencE"
"Oder","Baltic Sea/Odra"
"A. E. Housman","A E Housman"
"Books of the Bible","BooksOfTheBible"
"Ivory tower","AcademicElitism","Academic elitism"
"Estrous cycle","Estrus"
"List of minor characters in the Alice series","Eaglet (Alice's Adventures in Wonderland)"
"Ernest Hemingway","ErnestHemingway","ErnestHemingway/FamousatTwentyFiveThirtyaMaster","ErnestHemingway/FromBoytoManHemingwaysFirstWorldWar","ErnestHemingway/FromRealitytoFictionAFarewelltoArms","ErnestHemingway/TheTimeinBetween","ErnestHemingway/YoungandInnocent","ErnestHemingway/ThingsTurnSour","ErnestHemingway/TheEndlessDarkNothingness","ErnestHemingway/SureShotsTheSecondWorldWar","ErnestHemingway/TheDownwardSpiral","ErnestHemingway/ViolenceandRedemption","ErnestHemingway/WhyItWentWrong","ErnestHemingway/BibliographY","Things Turn Sour","The Endless Dark Nothingness","Famous at Twenty-Five Thirty a Master","From Boy to Man Hemingways First World War","From Reality to Fiction A Farewell to Arms","Sure Shots The Second World War","Violence and Redemption","Why It Went Wrong","Ernest Hemingway/Bibliography"
"The Black Cat (short story)","Edgar Allen Poe/The Black Cat","Edgar Allan Poe/The Black Cat"
"Epistle to the Hebrews","Book of Hebrews"
"English Channel","EnglishChannel"
"Albert of Aix","Albert Of Aix"
"Clay Mathematics Institute","Clay math prize"
"Los Angeles Angels of Anaheim","Anaheim Angels"
"Protocol on Environmental Protection to the Antarctic Treaty","Antarctic-Environmental Protocol"
"Ajax (mythology)","Ajax of Cyprus"
"Doctor Who","Dr Who"
"Continent","Continents"
"Dominance and submission","Domination and submission"
"Atlas Shrugged","AtlasShrugged","AtlasShruggedCompanies","AyersMusicPublishingCompany","Topics of note in Atlas Shrugged"
"Vacuum flask","Dewar flask"
"AbiWord","Abiword"
"Logic","College logic","DefinitionOfLogic"
"Aaron's rod","Aarons Rod","Aarons rod"
"Democratic Front for the Liberation of Palestine","DFLP"
"Auteur theory","Auteur Theory Film"
"Analcime","Analcim"
"Substance abuse","Drug of abuse"
"Diablo II: Lord of Destruction","Diablo II Lord of Destruction"
"Choctaw","Choctaws"
"Bijection, injection and surjection","BiJection"
"Dyson sphere","Dyson Sphere"
"E (mathematical constant)","Eulers number"
"Demographics of Afghanistan","AfghanistanPeople","Afghanistan/People"
"Strike zone","Ball (baseball statistics)"
"Primer walking","Chromosome walking"
"Foreign relations of Barbados","Barbados/Transnational issues"
"Nomic","AgoraNomic"
"Cognitive therapy","CognitiveTherapy"
"Discrete mathematics","Applied discrete math","Discrete math"
"Troll (Internet)","AOLamer"
"Multiplication","Arithmetic/Multiplication"
"Celestial mechanics","Celestial dynamics"
"Channel Islands","Channel Isles"
"Demon (disambiguation)","Daemon"
"Antiarrhythmic agent","Antiarrhythmic medication"
"Buddhist cuisine","Chinese buddhist cuisine"
"Sociocultural evolution","Cultural evolution"
"Dualism (philosophy of mind)","DualisticInteractionism","Dualistic interactionism"
"Encyclopædia Britannica Eleventh Edition","BritannicaPublicDomain","Britannica Public Domain"
"European influence in Afghanistan","Dost Mohammed and the British in Afghanistan"
"Compression","Compressed"
"Alliance '90/The Greens","Buendnis 90 - Die Gruenen"
"Banisteriopsis caapi","Caapi"
"Brewster's angle","Brewsters angle"
"Clam dip","Clam Dip"
"Ælfric","AElfric"
"Discordianism","Discordian"
"Pope Anastasius III","Anastasius III"
"Anti-Americanism","Hostility towards America"
"Dynamic HTML","DHTML"
"Anno Domini","A.D.","A.D"
"European Economic Community","European Community"
"Anointing of the Sick (Catholic Church)","Extreme unction","Extreme Unction"
"Alpha particle","Alpha ray"
"Electronic music","Electronic Music","Electronic art music","Electronic music/Art music"
"Albert I of Germany","Albert I of Hapsburg"
"Alfonso X of Castile","Alphonso X"
"D. W. Griffith","DwGriffith","D.W. Griffith"
"Six Degrees of Kevin Bacon","Bacon number"
"Chris Houston","Christopher Houston"
"Cocos (Keeling) Islands","History of the Cocos (Keeling) Islands","Geography of the Cocos (Keeling) Islands","Government of the Cocos (Keeling) Islands","Cocos Islands/Economy","Communications in the Cocos (Keeling) Islands","Transport in the Cocos (Keeling) Islands","Military of the Cocos (Keeling) Islands"
"Hierarchy","Containment hierarchy"
"Cluster sampling","ClusterSampling"
"Red Army Faction","Baader-Meinhof-Gang"
"Civilization (video game)","Civilization/video game"
"Arthur, Prince of Wales","Arthur Tudor"
"Mousse","Chocolate mousse"
"MS Estonia","Estonia disaster"
"Application software","Application program"
"Old Italic script","Estruscan alphabet"
"Conspiracy theory","Conspiracy theories"
"Bronze Age","Bronze age"
"Computer data storage","Computer Storage"
"Arbitrary-precision arithmetic","Bignum"
"AutoCAD DXF","DXF"
"Color space","Color space encoding"
"Consociationalism","Consociational state"
"Authoritarianism","Authoritarinism"
"List of United Kingdom general elections","United Kingdom general election"
"Electromagnetic radiation","Electromagnectic radiation"
"Cryptanalysis","CryptanalysiS"
"Aye-aye","Daubentoniidae"
"Albert III, Duke of Saxony","Albert III, Elector of Saxony"
"Chessboard","Chess Board"
"Dragon Ball Z","Dragonball Z"
"Constellation","ConStellations"
"Computer science","Computer Science"
"Politics of the Czech Republic","Czech republic/Government"
"Academy Award for Best Picture","AcademyAwards/BestPicture"
"Edgar Allan Poe","Edgar Allen Poe"
"The World Factbook","CIAWorldFactbook"
"A fortiori argument","A fortiori"
"Cytoprotection","Cytoprotectant"
"Blanching (cooking)","Cooking/Blanching"
"Blue-tailed Skink","Blue-tailed skink"
"Closeted","Closeted person"
"Atlas (computer)","Atlas computer"
"Cape Breton Island","Cape Breton"
"Class war","Class warfare"
"Defenestrations of Prague","Defenestration of Prague"
"Amorphous solid","Amorphous"
"Baltic Sea","BalticSea"
"Binomial distribution","BinomialDistribution","BinomialDistribution/Revisited"
"Aberration of light","Astronomical aberration"
"Battle of the Ardennes","Battle of Ardennes"
"Andrea del Castagno","Castagna"
"Antisemitism","Anti-semitism","Anti-semitic","Anti-Semite"
"Abaris the Hyperborean","Abaris"
"Peripheral","Computer peripheral"
"The Avengers","Avengers"
"Diagnostic and Statistical Manual of Mental Disorders","DSM-IV","DSM-IV-TR","DSM-III","DSM-III-R"
"Babel fish","BABELFISH","Babelfish"
"Algernon Charles Swinburne","Algernon Swinburne"
"Abdur Rahman","Abd-ar-rahman"
"Dualism","DualIsm"
"All Saints' Day","All Saints Day"
"CamelCase","CamelHumpedWord"
"Aviation","Air Transport","Air transport"
"Knowledge","A priori and a posterior knowledge"
"List of Atlas Shrugged characters","AtlasShruggedCharacters","DagnyTaggart"
"Titius–Bode law","Bodes law"
"Latin American Integration Association","ALADI"
"Americentrism","American bias"
"Sri Lanka","Ceylon"
"Monetary policy","Monetary policy of central banks"
"Niobium","Columbium"
"List of territorial disputes","Non-independent areas"
"Character (computing)","Computer character"
"Atomic orbital","Atomic orbitals"
"Foreign relations of Azerbaijan","Azerbaijan/Foreign relations"
"Ayn Rand","AynRand"
"Anatomical Therapeutic Chemical Classification System","ATC classification"
"Enron","EnroN"
"Alcobaça","Alcobaca"
"Comedy film","ComedyFilm","Comedy Film"
"Foreign relations of Andorra","Andorra/Transnational issues"
"Sodium hydroxide","Caustic soda"
"Aphex Twin","AphexTwin"
"Cryptography","CryptologY","CryptographY","Cryptology","CryptographY/Hashfunctions","Cryptographer"
"Algemeen Nijmeegs Studentenblad","Algemeen Nederlands Studentenblad"
"English cuisine","England/Food and Drink"
"Bhangra","Bangra"
"Allotropy","Allotrope","Allotropes","ElementalAllotropes"
"For Whom the Bell Tolls","ErnestHemingway/ForWhomtheBellTolls","ErnestHemingway/RobertJordan","Ernest Hemingway/For Whom the Bell Tolls","Ernest Hemingway/Robert Jordan"
"Object Pascal","Delphi programming language"
"Design by contract","Design by Contract"
"Cecil B. DeMille","Cecil B. Demille"
"Anglicanism","Anglican"
"Anal sex","Anal intercourse","Buttfuck"
"Poly drug use","Drug Mix"
"Antiterrorism and Effective Death Penalty Act of 1996","Anti-Terrorism and Effective Death Penalty Act"
"Cephalic index","Dolichocephalic"
"Academy Awards","AcademyAwards","Academy award"
"Jersey","Channel Islands/Jersey"
"Cardinal number","Cardinal numbers"
"List of games based on Dune","Dune/Videogames","Dune computer and video games"
"British Virgin Islands","Transnational issues of the British Virgin Islands"
"Ichthys","Christianity/Fish"
"Jester","Court Jester"
"Baptists","Baptist church","Baptist Church"
"Discrimination","Discriminatory"
"Dmitri Mendeleev","Dmitry Ivanovich Mendeleev"
"University of Cambridge","Cambridge University"
"Bolsheviks","Bolshevik"
"Foreign relations of Bangladesh","Bangladesh/Transnational issues","Bangladesh/Foreign relations"
"Catalysis","Catalyzes","Catalyst"
"Demographics of the Czech Republic","Czech republic/People"
"Cayman Islands","Military of the Cayman Islands"
"Musique concrète","Concrete music"
"Dreamcast","DreamCast"
"CIM-10 Bomarc","BOMARC"
"Symmetry in biology","Bilateral symetry","Bilateral symmetry"
"Alzheimer's disease","Alzheimers disease"
"Alfonso XIII of Spain","Alphonso XIII"
"Charlize Theron","Charlize Theron/Filmography"
"Code division multiple access","CDMA"
"Amplification","Amplify"
"Alcohol intoxication","Blind drunk","Drunk","Drunkeness"
"Bell curve","Bell Curve"
"Arctic fox","Alopex lagopus"
"Sanger sequencing","Chain termination method"
"The Boston Globe","Boston Globe"
"Electrical engineering","ElectricalEngineering"
"Human sacrifice","Celts and human sacrifice"
"Intermolecular force","Dipole-dipole bond","Dipole–dipole attraction"
"Arecaceae","Arecales"
"Canonization","Canonization of Saints"
"French hip hop","African rap in France"
"Didgeridoo","Didjeridu","Didjeridoo"
"Globe","Celestial globe"
"College football","College Football"
"Christian eschatology","Christian escathology"
"B. F. Skinner","B.F. Skinner"
"Archimedes' screw","Archimedes screw"
"Biochemistry","BioChemistry"
"Colloid","Colloids"
"The Hague","Den Haag"
"Utility knife","Box-cutter knives"
"Politics of Albania","AlbaniaGovernment"
"Esperanto","EsperantoLanguage"
"European Green Party","European Federation of Green Parties"
"A. A. Milne","A.A. Milne"
"Alfred, Duke of Saxe-Coburg and Gotha","Alfred Ernest Albert"
"Argument from ignorance","Argument by lack of imagination"
"International Bureau of Weights and Measures","BIPM"
"Premillennialism","Chiliasm"
"Indigenous peoples of Arizona","Natives of Arizona"
"Ploidy","Diploidy"
"Galjoen","Coracinus capensis"
"Cardinal","Cardinals"
"Slaughterhouse","Abattoir"
"Capitalism","Capitalism/different meanings","Capitalist"
"Counterpoint","Counter Point"
"Czech Republic","Czech republic"
"Ashmore and Cartier Islands","Ashmore And Cartier Islands","Ashmore and Cartier Islands/Geography","Ashmore and Cartier Islands/People","Ashmore and Cartier Islands/Government","Ashmore and Cartier Islands/Transportation","Ashmore and Cartier Islands/Economy","Ashmore and Cartier Islands/Military"
"Computing","ComputinG"
"Archaeoastronomy","Archeoastronomy"
"Wargaming","CoSims"
"Don DeLillo","Don Delillo"
"Stroke","Cerebrovascular Accident"
"Xenarthra","Edentata"
"Arianism","Arians"
"Dailies","Daily rushes"
"Documentary film","Documentary Film"
"George Orwell","Eric Arthur Blair"
"Category theory","CategoryTheory"
"Data set","DataSeT"
"Pneumatic motor","Air engine"
"Dredging","Dredgers"
"Berry Berenson","Bernthia Perkins"
"Encryption","CipheR"
"Khmer language","Cambodian Language"
"Context-free grammar","Context free grammars"
"Bitwise operation","Binary and"
"Narcissus (plant)","Daffodil"
"Armillary sphere","Armillary"
"Common sense","CommonSense"
"Second Vatican Council","Catholicism/Second Vatican Council"
"Direct connect","Direct Connect"
"Character encoding","Character set"
"Telecommunications in Belarus","Media in Belarus"
"Bacillus thuringiensis","Bacillus Thuringiensis"
"Wikipedia:Nupedia and Wikipedia","Wikipedia:Adding Wikipedia articles to Nupedia","Wikipedia:Historical Wikipedia pages/Chalkboard candidates"
"Declaration of independence","Declaration of Independence"
"Pope Alexander VIII","Alexander VIII"
"Same-sex relationship","Anthropological classification of homosexuality"
"Gavoi","Cartzonna"
"Ruhollah Khomeini","Ayatollah Khomeini"
"Corrado Gini","Corrodo Gini"
"La Malinche","Dona Marina"
"Eukaryote","Eukaryotic cell"
"Wipe (transition)","Clock wipe"
"Differentiable function","Differentiability"
"Battle of the Nile","Battle of Aboukir Bay"
"Fairchild Republic A-10 Thunderbolt II","A-10 Warthog"
"Albrecht III Achilles, Elector of Brandenburg","Albert Archilles"
"DECnet","Decnet"
"Bob Dylan","Bob Dylans Debut"
"Claude Louis Berthollet","C. L. Berthollet"
"Central tendency","Central Tendancy"
"Bipolar II disorder","Bipolar II"
"Modus ponens","Affirming the antecedent"
"Christmas Island","History of Christmas Island","Geography of Christmas Island","Demographics of Christmas Island","Government of Christmas Island","Economy of Christmas Island","Communications in Christmas Island","Transportation in Christmas Island","Military of Christmas Island"
"Industry Standard Architecture","AT bus architecture"
"Catholic Church","Catholics","Catholic church"
"Washington, D.C.","District of Columbia"
"Afro Celt Sound System","Afrocelt Sound System"
"ITU-T","CCITT"
"Chief executive officer","CEO","Chief Executive Officer"
"Euclid","EucliD"
"Azores","Acores"
"Delian League","Athenian Empire"
"Clan McDuck","Angus McDuck","Downy O'Drake","Dingus McDuck"
"Wu Xing","Chinese element"
"Afghanistan","Afghanistan (1911 Encyclopedia)"
"Establishing shot","Establishing Shot"
"Concept","Abstract concept"
"Computer multitasking","Computer/Multitasking"
"A priori and a posteriori","A priori and a posteriori knowledge"
"Charles Farrar Browne","Artemus Ward"
"Collectible card game","Collectable card games","Collectable card game"
"Dungeon (magazine)","DungeonMagazine"
"Alfonso Arau","Alfonso Aráu"
"Kabylie","Al-Quabail Mountains"
"Orange (colour)","Color/Orange","Color/orange"
"Albert II, Margrave of Meissen","Albert the Degenerate"
"Addition","Addition of natural numbers"
"Footage","A roll"
"Geography of Afghanistan","AfghanistanGeography","Afghanistan/Geography"
"Telephone exchange","Automatic telephone exchange"
"Botswana Defence Force","Military of Botswana"
"Computational complexity theory","Computational complexity"
"Hasidic Judaism","Chasidic Judaism"
"Cave tetra","Cave Tetra"
"An American in Paris","AnAmericanInParis"
"Diaspora studies","Diaspora Studies","Expellees"
"Cryptomonad","Cryptomonads"
"Coral 66","CORAL66"
"Origins of baseball","Baseball/History of baseball"
"Acts of the Apostles","Acts"
"Road bicycle","Bicycling/Road"
"Aleksandr Solzhenitsyn","Aleksandr Isaevich Solzhenitsyn","Alexander Solzhenitsyn"
"Affirmation in law","Affirmation (declaration of truth)"
"Commonwealth of Nations","British Commonwealth"
"Indigenous peoples","Autochthones"
"Steer wrestling","Bulldogging"
"Austrian German","AustriaLanguage"
"Extermination camp","Death factory"
"Bipolar disorder","Bipolar Disorder","Bipolar spectrum"
"Durham University","Durham University (England)"
"Tree (data structure)","Child node"
"Alfonso XI of Castile","Alphonso XI"
"Nuisance abatement","Abatement of a nuisance"
"Analog Science Fiction and Fact","Astounding magazine","Analog Magazine","Analog magazine","Analog Science Fiction","Astounding Science Fiction"
"Britney Spears","BritneySpears"
"Chrysoberyl","Alexandrite"
"Executive (government)","Executive power"
"Classical music","Classical Music"
"Banach space","Complete normed vector space"
"Computer vision","Computer Vision"
"Cooking","Wikipedia:Cooking basic topics"
"Manama","Al-Manamah"
"Alfred Kinsey","Alfred C. Kinsey"
"Roman Catholic Archdiocese for the Military Services, USA","Archdiocese for the Military Services"
"Framestore","Computer Film Company"
"2001 anthrax attacks","Cases of anthrax"
"Cross compiler","Cross-compilation"
"Andrew Jackson","Andrew Jackson/First Inaugural Address","Andrew Jackson/Second Inaugural Address"
"Double hull","Double-hulled tanker"
"Charleston","CharlestoN"
"Charles Darwin","Charles Robert Darwin"
"Afroasiatic languages","AfroAsiaticLanguages","Afro-asiatic languages"
"Esperantujo","EsperantujO","Esperantio"
"School voucher","Education vouchers"
"Centum-satem isogloss","Centum"
"Ecstasy","Ecstacy"
"Al Gore","Albert Gore","Albert Arnold Gore/Criticisms","Al Gore/Criticisms"
"You have two cows","Cow story"
"Dianetics","DianeticS"
"Computer font","Bitmap font"
"Board game","Board games"
"Religion in Poland","Religious denominations in Poland"
"Anarcho-capitalism","AnarchoCapitalism","AnarchoCapitalists","Anarcho-capitalists"
"Expected value","Expectation operator"
"Archaeopteryx","Archeopteryx"
"Ajax the Lesser","Ajax of Locris"
"Civilization","Ancient civilization"
"Cauchy sequence","Cauchy sequences"
"Andorra","AndorrA"
"Chaco Culture National Historical Park","Chaco Canyon"
"Abiotic component","Abiotic factors"
"Early music","Early Music"
"Gruyère cheese","Cheese/Gruyere"
"Albert, Duke in Prussia","Albert of Brandenburg-Ansbach"
"Digital video","Digital Video"
"Chairman of the Board (disambiguation)","Chairman of the board (disambiguation)"
"Abbreviation","Abbreviations"
"Chelicerata","Cheliceriformes"
"An Enquiry Concerning Human Understanding","AnEnquiryConcerningHumanUnderstanding","An Enquiry Concerning Human Understanding/Text"
"A. E. van Vogt","A.E. van Vogt"
"Antigua and Barbuda","Antigua And Barbuda"
"Atheism","Atheists"
"Campaign for Nuclear Disarmament","CND"
"Diesel engine","Diesel Engine","Diesel engines"
"Leonard Bloomfield","Bloomfield, Leonard"
"Bassas da India","Geography of Bassas da India","Government of Bassas da India","Military of Bassas da India","Communications in Bassas da India"
"Länder","Bundesland"
"Abdul Qadir","Abd-el-Kader"
"René Descartes","Descartes"
"Genetic code","Codon"
"Baltimore Ravens","BaltimoreRavens"
"Critical point (thermodynamics)","Critical temperature"
"Francesco Borromini","Borromini, Francesco"
"Foreign relations of Colombia","Colombia/Transnational issues"
"Telecommunications in Azerbaijan","Azerbaijan/Communications"
"Semi-trailer truck","Big rig"
"America","AmericA"
"Bruce Perens","Bruce Parens"
"Military of the Czech Republic","Czech republic/Military"
"Buddhism","BuddhIsm","BuddHism","Buddhist","Buddhists"
"ECHELON","EcheloN"
"Esoteric Christianity","Christian theosophy"
"Digital art","Computer-generated art"
"Subjective theory of value","Economic subjectivism"
"Mexican tetra","Blind Cave Tetra"
"Tunnel","Cut-and-cover"
"Figured bass","Basso continuo"
"Abbadid dynasty","AbbadideS","Abbadides"
"Cetacea","Cetaceans","Cetacean"
"Military activity in the Antarctic","Military of Antarctica"
"Blu-Tack","Blue Tac"
"AT&T Corporation","American Telephone and Telegraph Company"
"Taste","Basic taste"
"Metric (mathematics)","Distance function"
"American Sign Language","American sign language"
"Medal of Honor","Congressional Medal of Honour"
"Abraham ibn Ezra","Abenezra"
"Definition","DefinitioN"
"Foreign relations of Australia","Australia/Transnational issues"
"Euler–Maclaurin formula","Euler - Maclaurin formula"
"Foreign relations of the Czech Republic","Czech republic/Transnational issues","Czech Republic/Transnational issues"
"AK-47","AK47"
"Orthogonal frequency-division multiplexing","COFDM","Coded orthogonal frequency division modulation","Discrete multitone modulation"
"Benoit Mandelbrot","Benoit B. Mandelbrot"
"Boeing C-135 Stratolifter","Boeing C-135"
"Republic of the Congo","Congo-Brazzaville"
"The Adventures of Brisco County, Jr.","Briscoe County, Jr."
"Binary Synchronous Communications","Binary Synchronous Transmission"
"Winston Churchill","Churchill"
"Adirondack Mountains","Adirondacks"
"Shipyard","Dockyard"
"Carl XVI Gustaf of Sweden","Carl Gustav XVI"
"Calcium channel blocker","Ca plus plus antagonist"
"Battleship (game)","Battleship game"
"Double stop","DoubleStops","Double stops"
"Geography of Burma","Burma/Geography"
"Cantor's diagonal argument","Diagonal slash argument"
"Aon (company)","Aon Insurance"
"Aberdyfi","Aberdovey"
"Megacorporation","Corporate Police State"
"Carroll O'Connor","Carroll OConnor"
"Efficient-market hypothesis","Efficient Markets Hypothesis","Efficient markets theory"
"Gas compressor","Compressors"
"Key (cryptography)","Cryptography/Key"
"List of Bubblegum Crisis characters","Boomeroid"
"Sampling (signal processing)","Data Compression/sampling frequency"
"Tanakh","Apocrypha/Tanakh"
"Business school","BusinessSchool","Business Schools"
"Folklore of the United States","American Folklore"
"Space Odyssey","David Bowman (Space Odyssey)"
"Antarctic Treaty System","Government of Antarctica","Antartic Treaty"
"Council of Trent","Catholicism/Council of Trent"
"Encyclopædia Britannica","Britannica","Encyclopedia Britannica"
"Denise Richards","DeniseRichards"
"Bodhidharma","Bodhidarma"
"Dakar Rally","Dakar Rallye"
"Chris Morris","ChrisMorris"
"American Revolutionary War","American war of independence"
"Human factors and ergonomics","Ergonomics"
"Alphorn","Alpenhorn"
"Elbląg","Baltic Sea/Elblag","Baltic Sea/Truso","Elbing/Elblag","Elbing/Truso"
"Dilbert","Induhvidual"
"Disruption","DisRuption"
"Ethnic group","Ethnicity","Ethnic"
"Casimir IV Jagiellon","Casimir IV Jagiello"
"Central American Integration System","Central American Court of Justice"
"Al-Qaeda","Al Qaida","Al Qaeda"
"Arab states","Arab countries"
"Dragon 32/64","Dragon 32"
"Cruise missile","Cruise Missile"
"Albert Einstein","Einstein"
"Arbitration","Binding arbitration"
"German Navy","Bundesmarine","Deutsche Marine"
"Bain-marie","Double boiler"
"Angles","Angle tribe"
"History of Egypt","Egypt/History"
"Erotic asphyxiation","Autoerotic asphyxiation"
"Shadrach, Meshach, and Abednego","Abednego"
"Dewey Decimal Classification","DeweyDecimalSystem"
"Dartmouth College v. Woodward","Dartmouth College case"
"Duodecimal","Dozenal Society of Great Britain"
"Liquid-crystal display","Computer display/LCD"
"American Samoa","American Samoa/Military"
"C. S. Lewis","C.S. Lewis"
"Abandonment (legal)","Abandonment of domicile","Abandonment of an easement","Abandonment of railways"
"Ecumenical council","Catholicism/Councils"
"Prime Minister of Australia","Australian Prime Ministers"
"Regress argument","CommonSenseAndTheDiallelus","Common sense and the Diallelus"
"Charles d'Abancour","Charles Xavier Joseph De Franque Ville Abancourt"
"Acanthocephala","Acamthocephala"
"Dinosaur","Dinosaurs","Dinosauria"
"Communications in Afghanistan","AfghanistanCommunications","Afghanistan/Communications"
"Aberdeenshire (historic)","Aberdeenshire/Aberdeenshire1911"
"Shogun","Shogunate"
"Cancer cluster","Cancer Coast"
"B-roll","B roll"
"Civil and political rights","Civil rights history"
"Accident (philosophy)","Accidental property"
"Dharma","Dhamma"
"Bill Clinton","BillClinton"
"HIV/AIDS","Acquired Immunodeficiency Syndrome","Acquired immunodeficiency syndrome"
"Clipperton Island","Clipperton Island/History","Clipperton Island/Geography","Clipperton Island/People","Clipperton Island/Government","Clipperton Island/Economy","Clipperton Island/Communications","Clipperton Island/Transportation","Clipperton Island/Military"
"Thomas Aquinas","Aquinas"
"Afghan Armed Forces","AfghanistanMilitary","Afghanistan/Military"
"Exhaust system","Exhaust pipe"
"Abecedarian","AbeceDarians"
"East Germany","EastGermany"
"Anthropic principle","Anthropic Principle"
"Asteroid belt","Asteroid Belt"
"Computational linguistics","Computational Linguistics"
"Foreign relations of the Bahamas","Bahamas/Transnational issues"
"Dr. Strangelove","Dr Strangelove"
"Carolingian Renaissance","Carolingian renaissance"
"Amuck!","Amuck"
"Daniel Ortega","Daniel Ortega Saavedra"
"Anti-ballistic missile","Anti-Ballistic Missile"
"Assassin (disambiguation)","Assassins (disambiguation)"
"Philosophy","DefinitionOfPhilosophy"
"Edwin Austin Abbey","EdwinAustinAbbey"
"Combinatorics","CombinaTorics"
"Luddite","E.P.Thompson on Luddites","E. P. Thompson on Luddites"
"Politics of Afghanistan","Afghanistan/Government"
"Ballet","Ballet dance"
"Pope Adrian I","Adrian I"
"Adomnán","Adamnan"
"Countable set","Countably infinite"
"British Indian Ocean Territory","British Indian Ocean Territory/Geography","Demographics of the British Indian Ocean Territory","British Indian Ocean Territory/Government","British Indian Ocean Territory/Economy","British Indian Ocean Territory/Communications","British Indian Ocean Territory/Transportation","British Indian Ocean Territory/Military","British Indian Ocean Territory/Transnational issues"
"CD-ROM","CD ROM"
"Diedrich Hermann Westermann","Diedrich Westermann"
"Computer accessibility","AccessibleComputing","Accessible computing"
"Foreign relations of Albania","Albania/Transnational Issues","Albania/Foreign relations"
"James Tiptree, Jr.","Alice Sheldon"
"Ciliate","Ciliates"
"Decimal","Denary"
"Force carrier","Exchange particle"
"Mogul skiing","Mogul (skiing)"
"Ampere","Ampage"
"Substance theory","Bare particular"
"Air pollution","Air Pollution"
"Constitution Act, 1867","Constitution of Canada/1867 Preamble","Constitution of Canada/1867 I Preliminary","Constitution of Canada/1867 II Union","Constitution of Canada/1867 VII Judicature"
"Classical liberalism","Classical liberal"
"Bahrain","Bahrain/Geography"
"Aether (classical element)","Classical Element/Ether"
"Ramsar Convention","Convention on Wetlands of International Importance Especially As Waterfowl Habitat"
"Cretaceous–Paleogene extinction event","Cretaceous-Tertiary Extinction Event"
"Barada","Abana River"
"Tank destroyer","Anti-tank vehicles"
"Cypriot National Guard","Military of Cyprus"
"Injector","Eductor-jet pump"
"Transport in Afghanistan","AfghanistanTransportations"
"Congenital disorder","Birth defect"
"Biology","BiologicalScience"
"Bolesław III Wrymouth","Boleslaw III"
"Chordate","ChordaTa","Evolutionary tree/Chordata"
"Computer monitor","Computer Monitor"
"Pale lager","Dry beer"
"Summary statistics","ChoosingSummaryStatistics","Choosing summary statistics"
"Multivibrator","Astable"
"Lists of atheists","Celebrity atheists"
"Phylogenetic tree","Evolutionary tree"
"Pope Alexander VII","Alexander VII"
"Donegal fiddle tradition","DonegalFiddleTradition"
"BBC Online","BBC/Online"
"Metre Convention","Convention of the Metre"
"Circulatory system","Cardiovascular system","Cardiovascular System"
"Cybersex","Cyber sex"
"Analysis of variance","ANOVA","Analysis of Variance","Analysis of variance/Random effects models","Analysis of variance/Degrees of freedom"
"Baker Island","Geography of Baker Island","Demographics of Baker Island","Government of Baker Island","Transportation in Baker Island"
"Comic book","Comic books"
"Amoeba (amoeboid organism)","AmoeboidTaxa","Ameboid stage","Amebas (pseudopod protists)"
"Áedán mac Gabráin","Aidan of Dalriada"
"Baby boom","Baby Boom"
"Antonie van Leeuwenhoek","Antony van Leeuwenhook","Antony van Leeuwenhoek"
"Royal Bahamas Defence Force","Bahamas/Military"
"Christmas market","Christkindlmarkt"
"Anacreon","Anacreon (poet)"
"Christian","Christians"
"List of Celtic tribes","Celtic tribes of the British Isles"
"Ara Pacis","Ara Pacis Augustae"
"Automated Alice","Automated Alice/I"
"Hanukkah","Hanukkah rituals"
"Environmental Modification Convention","Environmental Modification"
"Native Americans in the United States","American indian"
"Bubble sort","Bubble sort/C"
"Monarchy of the United Kingdom","British Queen"
"Debian","Debian GNU/Linux"
"Cerebrospinal fluid","Cerebral Spinal Fluid"
"Wrocław","Breslau"
"Axiom of choice","AxiomOfChoice"
"Alan Ayckbourn","Alan Ayckbourn/Plays"
"Murat Ses","Electric Levantine"
"Lists of universities and colleges","Colleges and universities/OldList"
"Centromere","Centromer"
"Consciousness","ConsciousNess"
"Consequentialism","ConsequentialIsm"
"Arthritis","Arthritus"
"Dennis the Menace and Gnasher","Dennis the Menace/Gnasher"
"Database","Database management system","DBMS"
"David Hume","DavidHume"
"Boethius","BoethiuS"
"Anchorage, Alaska","AnchorageAlaska"
"Demographics of Albania","AlbaniaPeople","Albania/People"
"Carson bandwidth rule","Carsons rule"
"Mumbai","Mumbai (Bombay)"
"Cantor set","CantorSet"
"Dot-com","Dotcom"
"Albrecht Dürer","Albrecht Durer"
"Catharism","Albigenses","Albigensians"
"Hydrolysis","Amide hydrolysis"
"Giant panda","Ailuropoda melanoleuca"
"Bodybuilding","BodyBuilding"
"London Convention on the Prevention of Marine Pollution by Dumping of Wastes and Other Matter","Convention on the Prevention of Marine Pollution by Dumping Wastes and Other Matter"
"Abipón people","Abipones"
"Brownian motion","Brownian movement"
"Education","EduCation"
"Crossover (music)","Crossover music"
"Time-sharing","Computer/Time-sharing"
"Outline of archaeology","Wikipedia:Archaeology basic topics"
"Delocalized electron","Delocalised"
"Artificial intelligence","AI"
"Lists of composers","Composers"
"Economy of Burma","Burma/Economy"
"Aborigine","Aborigines"
"Antidepressant","Anti-depressant"
"October Revolution","Bolshevik Revolution"
"DNA microarray","DNA chip"
"The Diary of a Young Girl","The Diary of Anne Frank"
"Anniversary","Demisesquicentennial"
"Aromaticity","Aromatic compound"
"History of Africa","Africa/History"
"Country","CountrY"
"Dynamical system","Dynamic system"
"Ethical naturalism","EthicalNaturalism"
"Alternate history","Alternate History"
"Asperger syndrome","Aspergers disorder"
"Cable television","Cable TV","CATV"
"B-boying","Breakdance"
"Climate change","Climate Change"
"Douglas Engelbart","Doug Engelbart"
"A Farewell to Arms","ErnestHemingway/FredericHenry","Frederic Henry"
"White","Color/white"
"Acceleration","Accelerate"
"Abkhazia","Abkhasia"
"Abalone","AbalonE"
"Abandon","Abandonment of an action","Abandonment in marine insurance","Abandonment of wife and children"
"Alfonso VIII of Castile","Alphonso VIII of Spain","Alphonso VIII"
"Economics","EconomicS"
"Apostle (Christian)","Apostles"
"Celtic music","CelticMusic"
"Computer music","Computer-generated music"
"Ada Lovelace","Ada Byron's notes on the analytical engine"
"Chronic fatigue syndrome","Chronic Fatigue Syndrome/The name","Chronic Fatigue Syndrome/Long term course","Chronic Fatigue Syndrome/Day to day patterns","Chronic Fatigue Syndrome/Demographics"
"Cosmic microwave background","Cosmic Background Radiation"
"Card game","Card games"
"Class conflict","Class envy"
"Biblical hermeneutics","BiblicalInterpretation"
"Chemical evolution","Chemical Evolution"
"Alexander Rutskoy","Alexander Rutskoi"
"University of Brighton","Brighton University"
"Mental event","BrainEvent","Brain event"
"Ascorbic acid","Ascorbic Acid"
"Earth","EartH"
"Archaeology","Archaeologist"
"Banach–Tarski paradox","Banach Tarski Paradoxical Decomposition"
"Baltic languages","Baltic language"
"RCA 1802","CDP1802"
"Ambient calculus","AmbientCalculusOnline","AmbientCalculiOnline"
"Epistle to the Colossians","Colossians"
"Barney Bubbles","Colin Fulcher"
"David Friedman","DavidFriedman"
"DNA sequencing","Dideoxy sequencing"
"Action film","ActionFilm","Action Film"
"Cross-cutting","Cross cutting"
"Cathode ray tube","Computer display/CRT"
"Ampallang","Ampallang piercing"
"Assistive technology","AssistiveTechnology"
"Athlon","AMD Athlon"
"Alfonso VII of León and Castile","Alphonso VII"
"Data compression","Multimedia compression"
"Dwight D. Eisenhower","Dwight Eisenhower"
"Black Sox Scandal","Black Sox scandal"
"Bahá'í Faith","Bahais"
"Children's Online Privacy Protection Act","COPPA","Child Online Privacy Protection Act"
"Line Islands","America Islands"
"Pope Adrian II","Adrian II"
"Pope Adrian IV","Adrian IV"
"Pope Adrian VI","Adrian VI"
"Nicholas II of Russia","Czar Nicholas II"
"AOL Instant Messenger","AOL Instant Messanger"
"Anguilla","Anguilla/Transnational issues","Anguilla/Military"
"Celtic languages","Celtic language"
"Slugging percentage","Baseball statistics/SLG"
"Abatement (heraldry)","Abatement in heraldry"
"Abbeville","AbbevilleFrance"
"Binary operation","BinaryOperation"
"Cyclic adenosine monophosphate","Cyclic AMP"
"List of sovereign states","CountriesOfTheWorld","CountriesA","CountriesN","CountriesZ","CountriesP","CountriesG","CountriesO","CountriesS","CountriesU","CountriesD","CountriesK","CountriesC","CountriesH","CountriesJ","CountriesB","CountriesL","CountriesM","CountriesE","CountriesF","CountriesQ","CountriesI","CountriesR","CountriesT","CountriesV","CountriesW","CountriesY","CountriesX","Countries of the world2","Countries of the World"
"Antoine de Saint-Exupéry","Antoine de Saint-Exupery"
"Trigonometric functions","Cosine"
"Brian De Palma","Brian de Palma"
"BSD licenses","BSD/License"
"Basal body temperature","Basal body temperature method"
"Hash function","Cryptography/Hashfunction"
"Extropianism","Extropian"
"Druze","Druzism"
"Velar nasal","Agma"
"Amazon River","Amazon river"
"Cheese Shop sketch","Venezuelan Beaver cheese"
"Encyclopedia","EncycloPedia"
"Battle of Adrianople","Battle of Adrianopolis","Battle of Ardrianople"
"Country code","Country codes"
"Al Jazeera","Al-Jazeerah","AlJazeera"
"Conic section","Conic sections"
"First Hawaiian Bank","Back-Cover Texts"
"Donald Bradman","Don Bradman"
"Abstraction (computer science)","Abstraction in object-oriented programming"
"Aberdeen, South Dakota","AberdeenSouthDakota"
"A Clockwork Orange","Clockwork Orange"
"Dissolution","Dissolve"
"Existence of God","ArgumentsForTheExistenceOfGod","Arguments for the existence of God"
"Curl (programming language)","Curl Contents Language"
"Pope Anastasius IV","Anastasius IV"
"Astronomer","Astronomers and Astrophysicists"
"Darwinism","Darwinian"
"Airship","Dirigible"
"Politics of Burma","Burma/Government"
"Gdańsk","Baltic Sea/Gdanzk","Danzig"
"Collective noun","Collective nouns/All sorted by collective term"
"Prime Minister of the United Kingdom","British Prime Minister"
"Electronic musical instrument","Electronic instruments"
"Dative case","Dative"
"Coelenterata","Coelenterates"
"Compiler","Compilers"
"Dance","DanCe","Dancing"
"Astronomical unit","Astronomical Units","Astronomical Unit"
"Foreign relations of Austria","Austria/Transnational issues"
"Albinism","Albino"
"Delaware General Corporation Law","Delaware Corporation"
"Ahmose I","Amasis I"
"Des Moines, Iowa","Des Moines"
"Americans with Disabilities Act of 1990","Americans with Disabilities Act of 1990/Findings and Purposes","Americans with Disabilities Act of 1990/Definitions","Americans with Disabilities Act of 1990/Title III"
"Cook Islands","Cook Islands/Military"
"Epistemology","EpistemOlogy"
"Constructed language","ArtificalLanguages","ArtificialLanguages","Artificial languages","ConLang"
"Brachycephaly","Brachycephalic"
"Merry England","Deep England"
"Abacus","AbacuS"
"Cross-examination","Cross-examine"
"Coyote","Canis latrans"
"Drew Barrymore","DrewBarrymore"
"Antarctica","Economy of Antarctica"
"Abdelaziz of Morocco","Abd-el-Aziz IV"
"Dot-com bubble","Tech bubble"
"Dhole","Cuon alpinus"
"Abbess","AbbesS"
"Diary","Diarists"
"Cyril M. Kornbluth","Cyril Kornbluth"
"Adolf Hitler","AdolfHitler"
"Aachen","Aix-la-Chapelle"
"Comics","Comic","Comic books and strips"
"Plato","Complete works of Plato"
"Church–Turing thesis","Churchs thesis"
"Minestrone","Condiment for seasoning minestrone"
"Statistics","AppliedStatistics","Applied statistics"
"Sexual orientation","Causes of heterosexuality","Causes of sexual orientation"
"History of Albania","AlbaniaHistory","Albania/History"
"Desmodromic valve","Desmodromic"
"Jeff Noon","Automated Alice/XII","Automated Alice/XI","Automated Alice/X","Automated Alice/IX","Automated Alice/VIII","Automated Alice/VI","Automated Alice/VII","Automated Alice/V","Automated Alice/IV","Automated Alice/II","Automated Alice/III"
"Dirt track racing","Dirt speedway racing"
"Alfred of Beverley","Alured of Berkeley"
"Cabinet of Germany","Bundesregierung"
"Sagrada Família","Antonio Gaudi/Sagrada Familia"
"Electric charge","Electric Charge"
"Chōshū","Choshu"
"Audio codec","Audio codecs"
"Louis Althusser","Althusser"
"Citric acid cycle","Citric Acid cycle","Citrate cycle"
"Creed","Articles of Faith"
"AirPort","Apple Airport"
"Homegrown terrorism","Domestic terrorism"
"Cain and Abel","AbeL","Abel"
"African hip hop","Ghanaian hip hop"
"Dragon Magazine","DragonMagazine"
"Color","Colour"
"Comet","Comets"
"Design of experiments","DesigningExperiments","Designing Experiments"
"Rope (film)","Alfred Hitchcocks Rope"
"Gambling","Betting"
"Daiquiri","Banana daiquiri"
"Churches Uniting in Christ","Churches Uniting In Christ"
"DXing","DX communication"
"Intergovernmental Panel on Climate Change","Climate Change 1995"
"Bohr model","Atom/Bohr model","Bohr Model"
"Leonhard Euler","EuleR"
"Armour","Armor"
"Colony","Colonized","Colonies"
"Border Gateway Protocol","BGP"
"Apadravya","Apadrayva piercing"
"Centrohelid","Centrohelids"
"Echo & the Bunnymen","Echo and the Bunnymen"
"ASCII art","AsciiArt","Ascii Art"
"Casino game","Casino games"
"Lists of cities by country","List of city listings by country"
"Jargon","Computer jargon"
"Blue screen","Bluescreen"
"Electromagnetism","Electromagnetic interaction","Electromagnetic force"
"List of former sovereign states","Extint countries","Extinct countries","Extinct political countries, empires, etc."
"Binary relation","Asymmetrical relationship"
"Donald A. Wollheim","David Grinnell"
"American English","English language/American English"
"Simplification","Conjunction elimination"
"Demographics of Azerbaijan","Azerbaijan/People"
"Tao Te Ching","DaoDeJing"
"Asymmetric digital subscriber line","Asynchronous Digital Subscriber Line"
"Abstract algebra","Abstract Algebra"
"Eigenvalues and eigenvectors","EigenVectors","EigenValue","EigenVector","Eigen Vectors","Eigenstate","Eigenvalue"
"Degree Confluence Project","DegreeConfluenceProject"
"Abdomen","Human abdomen"
"Extrasensory perception","Anomalous cognition"
"Dog tag","Dog Tag"
"Bermuda","Bermuda/Transnational issues"
"Apache HTTP Server","Apache webserver"
"Air conditioning","Air conditioner"
"Backpacker","Backpacking"
"Outline of biology","Biology/Additional biology topics and keywords"
"Definition of music","Definition Of Music"
"Cubic foot","Cubic feet"
"Genetics","Code for"
"Angra Mainyu","Ahriman"
"California Department of Transportation","Caltrans"
"Central dogma of molecular biology","Central Dogma Of Genetics"
"Buckminsterfullerene","Buckyball (molecule)"
"Couscous","Cous cous"
"Supermajority","Absolute majority"
"İskenderun","Alexandretta"
"Dravidian languages","DravidianLanguages"
"Classical element","Classical Element"
"Befehlshaber der U-Boote","BdU"
"Balfour Declaration","Balfour declaration"
"General Conference on Weights and Measures","CPGM"
"Berlin","CityBerlin"
"Anna Kournikova","AnnaKournikova"
"Old World monkey","Cercopithecidae"
"Devanagari","Devanagiri","Devangari alphabet","Devanaagarii"
"Alfonso XII of Spain","Alphonso XII"
"Logical form","ArgumentForms","Argument form"
"Alumnus","Alumna"
"Elegiac couplet","Elegiac couplets"
"Economy of Albania","AlbaniaEconomy"
"Holy Roman Empire","Czech Republic/Sacrum"
"Cyrus the Great","Cyrus II of Persia"
"Beryl","Beryllium aluminium meta-silicate"
"Carrier battle group","CVBG"
"Arthur Koestler","ArthurKoestler"
"Danevirke","Danewerk"
"Addiction","Addictive"
"Der Blaue Reiter","Blaue Reiter"
"The Bronx","Bronx, New York"
"Boson","Bosons"
"Foreign relations of Antigua and Barbuda","Antigua and Barbuda/Transnational issues"
"Bomis","BoMis"
"Bavaria","Bayern"
"Broch","Archaeology/Broch"
"Demographics of Algeria","Algeria/People"
"Black","Color/black","Color/Black"
"Charles Sanders Peirce","Charles S. Peirce"
"Chick tract","Chick Publications"
"Dennis Hopper","Dennis Hopper/Filmography"
"Anderitum","Anderida"
"European Union","EU"
"Computer network","Computer networking"
"Eiffel Tower","EiffelTower"
"Computer","Computer system"
"COBOL","CoBoL"
"Baruch Spinoza","BaruchSpinoza"
"Peremptory plea","Autrefois convict","Autrefois acquit"
"Creutzfeldt–Jakob disease","Creutzfeld-Jacob Disease"
"Battle of Świecino","Battle of Zarnowiec","Battle of Schwetz"
"Foreign relations of Belgium","Belgium/Transnational issues","Belgium/Foreign relations"
"Emission spectrum","Emission line"
"Dyslexia","Dyslectic"
"Aramaic language","Aramaic"
"Attention deficit hyperactivity disorder","ADHD"
"Deconstruction","DeconstructionIsm","Deconstructionism"
"Cold War","ColdWar"
"Chlorofluorocarbon","Chlorinated fluorocarbons"
"Boleslaus I","Boleslav I"
"Alfonso IX of León","Alfonso IX of Spain","Alphonso IX"
"Augustine of Hippo","Augustine"
"Bombardier","Bombadier"
"Density (disambiguation)","Dense"
"English language in England","English language/British English"
"Arhat","Arahant"
"Clanking replicator","Clanking Replicator"
"Bryan MacLean","Bryan McLean"
"Draughts","Checkers"
"Bouvet Island","Geography of Bouvet Island","Bouvet Island/People","Government of Bouvet Island","Economy of Bouvet Island","Communications in Bouvet Island","Bouvet Island/Transportation","Military of Bouvet Island"
"Contraposition","Contrapositive"
"Apsis","Apogee"
"Call of Cthulhu","Call Of Cthulhu"
"Telecommunications in Burma","Burma/Communications"
"Christianity","ChristianIty"
"Creationism","Creationist"
"Basil","Basil (plant)"
"Basic","BASIC (disambiguation)"
"ISO 4217","Currency code"
"Cycling","Bicycling"
"Bacteriostatic agent","Bacteriostat"
"Set theory","Axiomatic Set Theory"
"Endangered species","Endangered Species"
"Muḥammad ibn Jābir al-Ḥarrānī al-Battānī","Albategnius"
"Operation Aphrodite","BQ-7 Aphrodite"
"Department of Defence","Department of Defense"
"Chinese remainder theorem","Chinese Remainder Theorem"
"Lossless compression","Data compression/lossless"
"American League Championship Series","ALCS"
"Arithmetic logic unit","Arithmetic and logic unit"
"American Airlines Flight 11","American Airlines flight 11"
"American Airlines Flight 77","American Airlines flight 77"
"Chinese cuisine","Chinese Cuisine","Chinese food"
"Common Era","B.C.E.","B.C.E"
"American football positions","Defensive team"
"Dr. Seuss","Dr Suess","Dr Seuss","Dr. Suess"
"Coriolis effect","Coriolis force"
"Actor","Actress","Actors and Actresses"
"Acorn","Acorn (fruit of the oak tree)"
"Chinese Exclusion Act","Chinese exclusion"
"C (programming language)","C language"
"Abbot","AbboT"
"Abbey","AbbeY"
"Karl Dönitz","Admiral Doenitz"
"Cartoonist","Cartoonists"
"Huffman coding","Data compression/Huffman coding"
"Springbok","Antidorcas marsupialis"
"Aaron","BiblE/Aaron"
"Médecins Sans Frontières","Doctors Without Borders"
"Ancient Greece","Ancient Greeks"
"Software","ComputerSoftware"
"Caber toss","Caber"
"Communism","Communist","Communists"
"Appalachian dulcimer","Appalachian Dulcimer"
"Arabic language","Arabic"
"Probability distribution","Continuous Random Variable","Continuous probability distribution","Discrete probability distribution"
"Outline of classical studies","List of basic classics topics"
"Abbo of Fleury","Abbon of Fleury"
"Bitter (beer)","Bitter ale"
"Amine","Amino group"
"Perihelion and aphelion","Aphelion"
"Continuum hypothesis","Continuum Hypothesis."
"Alloy","Alloys"
"Alien","Aliens"
"Alice","ALICE","A.L.I.C.E"
"Computer hardware","ComputerHardware","Personal computer hardware"
"Catholicism","Catholcism"
"Ajmer","District of Ajmere"
"Evidence of common descent","Argument from evolution"
"Canadian Armed Forces","Military of Canada"
"Commedia dell'arte","Commedia del arte"
"Dakini","Dakinis"
"Germany","Bundesrepublik Deutschland"
"Mobile phone","Cell phone","Cellular telephone"
"Eurocurrency","EuroCurrency"
"Foreign relations of Algeria","Algeria/Transnational Issues"
